,precision,recall,f1-score,support
aggressive_tone,0.4444444444444444,0.7076923076923077,0.5459940652818991,780.0
hookup_focus,0.40764331210191085,0.6832740213523132,0.5106382978723404,281.0
negativity,0.5279461279461279,0.8218029350104822,0.6428864288642886,954.0
sarcasm_cynicism,0.5630470016207455,0.7394636015325671,0.639308060360692,2349.0
substance_risk,0.6953374494358101,0.6735409362755207,0.6842656610098471,4849.0
incomplete_profile,0.6995661605206074,0.9877488514548239,0.819047619047619,653.0
