Metric,Score
Micro Precision,0.4897959183673469
Micro Recall,0.41025641025641024
Micro F1,0.44651162790697674
Macro Precision,0.3467505241090147
Macro Recall,0.32676651305683563
Macro F1,0.30919994037054116
Hamming Loss,0.14166666666666666
