,precision,recall,f1-score,support
aggressive_tone,0.5,0.1,0.16666666666666666,10.0
hookup_focus,0.0,0.0,0.0,1.0
negativity,0.0,0.0,0.0,9.0
sarcasm_cynicism,0.3333333333333333,0.39285714285714285,0.36065573770491804,28.0
substance_risk,0.5471698113207547,0.46774193548387094,0.5043478260869565,62.0
incomplete_profile,0.7,1.0,0.8235294117647058,7.0
