Metric,Score
Micro Precision,0.4779874213836478
Micro Recall,0.794425087108014
Micro F1,0.5968586387434555
Macro Precision,0.4423777219550993
Macro Recall,0.6585501686415891
Macro F1,0.49882564053166306
Hamming Loss,0.13162393162393163
