Metric,Score
Micro Precision,0.86
Micro Recall,0.36752136752136755
Micro F1,0.5149700598802395
Macro Precision,0.15925925925925927
Macro Recall,0.11559139784946237
Macro F1,0.13395638629283488
Hamming Loss,0.09642857142857143
